时间,名称,申报类别,出版单位,运营单位,标签1,标签2,标签3,标签4,标签5,标签6,标签7,标签8,标签9,标签10
2023/1/17,时温的旅行,移动,上海触控科技发展有限公司,上海触控科技发展有限公司,,,,,,,,,,
2023/1/17,五色石,移动,沈阳出版社,沈阳万坚网络科技有限公司,,,,,,,,,,
2023/1/17,王牌商战,移动,上海双盟网络科技有限公司,上海双盟网络科技有限公司,,,,,,,,,,
2023/1/17,飞翔之光,移动,北京北纬通信科技股份有限公司,北京北纬通信科技股份有限公司,,,,,,,,,,
2023/1/17,登山冒险摩托车,移动,炫彩互动网络科技有限公司,南京原极信息科技有限公司,,,,,,,,,,
2023/1/17,英雄与宝藏,移动,上海星翼网络信息有限公司,上海星翼网络信息有限公司,,,,,,,,,,
2023/1/17,消克大冒险,移动,上海波克城市网络科技股份有限公司,世熠网络科技（上海）有限公司,,,,,,,,,,
2023/1/17,宝石粉碎物语,移动,广州盈正信息技术有限公司,合肥乐攸信息科技有限公司,,,,,,,,,,
2023/1/17,同盟神探,移动,吉林音像出版社有限责任公司,深圳市火星人互动娱乐有限公司,,,,,,,,,,
2023/1/17,勤劳的数学家,移动,杭州乐港科技有限公司,北京摩丰科技有限公司,,,,,,,,,,
2023/1/17,越野飞车赛,移动,杭州哲信信息技术有限公司,深圳市卓趣互娱科技有限公司,,,,,,,,,,
2023/1/17,战场英雄冲锋,移动,华中科技大学电子音像出版社,深圳市掌上方舟科技有限公司,,,,,,,,,,
2023/1/17,点亮星星,移动,杭州边锋网络技术有限公司,杭州边锋软件技术有限公司,,,,,,,,,,
2023/1/17,以闪亮之名,移动、客户端,江苏凤凰电子音像出版社有限公司,淮安祖龙科技有限公司,,,,,,,,,,
2023/1/17,洪荒西行录,移动,上海同济大学电子音像出版社有限公司,上海趣侬网络科技有限公司,,,,,,,,,,
2023/1/17,汤姆猫小小勇士,移动,杭州哲信信息技术有限公司,广州金科文化科技有限公司,,,,,,,,,,
2023/1/17,塞勒特大陆,移动,河北冠林数字出版有限公司,上海赤森网络科技有限公司,,,,,,,,,,
2023/1/17,环行旅舍,移动、客户端,浙江出版集团数字传媒有限公司,深圳艾希可洛科技有限公司,,,,,,,,,,
2023/1/17,遮天世界,移动,四川数字出版传媒有限公司,成都星阅辰石文化发展有限公司,,,,,,,,,,
2023/1/17,异星漂流,移动,上海商国网络科技发展有限公司,上海欢游网络科技有限公司,,,,,,,,,,
2023/1/17,种地勇者,移动,宁波东海岸电子音像出版社有限公司,杭州每日给力科技有限公司,,,,,,,,,,
2023/1/17,蝶梦,移动,江苏凤凰数字传媒有限公司,江苏凤凰数字传媒有限公司,,,,,,,,,,
2023/1/17,无间梦境,移动,天津电子出版社有限公司,海南无间幻境科技有限公司,,,,,,,,,,
2023/1/17,凡人修仙传：人界篇,移动,海南省电子音像出版社有限公司,海南游虎网络科技有限公司,,,,,,,,,,
2023/1/17,凤鸣岐山,移动,广东海燕电子音像出版社有限公司,上海炽夜蝉网络科技有限公司,,,,,,,,,,
2023/1/17,暮光幻想,移动,成都超级梦网络技术股份有限公司,深圳冰川网络股份有限公司,,,,,,,,,,
2023/1/17,暗夜地城,移动,安徽新华电子音像出版社,南京掌中游网络科技有限公司,,,,,,,,,,
2023/1/17,异尘：达米拉,移动,上海乐蜀网络科技股份有限公司,上海小牛互娱智能科技有限公司,,,,,,,,,,
2023/1/17,龙神八部之西行纪,移动,上海恺英网络科技有限公司,上海恺英网络科技有限公司,,,,,,,,,,
2023/1/17,遇见梦幻岛,移动,厦门大学电子出版社有限责任公司,武汉盛天游戏网络科技有限公司,,,,,,,,,,
2023/1/17,蓝天卫士,移动、客户端,咪咕互动娱乐有限公司,咪咕互动娱乐有限公司,,,,,,,,,,
2023/1/17,七重星云,移动,杭州润趣科技有限公司,广州亦百网络科技有限公司,,,,,,,,,,
2023/1/17,王国：橡果传说,移动,北京联合出版有限责任公司,北京爱谱雷科技有限公司,,,,,,,,,,
2023/1/17,百川铸魂录,移动,天津电子出版社有限公司,成都尺钧网络科技有限公司,,,,,,,,,,
2023/1/17,千年之旅,移动,上海科学技术文献出版社有限公司,上海英澈网络科技有限公司,,,,,,,,,,
2023/1/17,火炬之光：无限,移动,江苏凤凰电子音像出版社有限公司,心动网络股份有限公司,,,,,,,,,,
2023/1/17,终境传说,移动,杭州群游科技有限公司,北京炳飞网络科技有限公司,,,,,,,,,,
2023/1/17,元梦之星,移动,深圳市腾讯计算机系统有限公司,深圳市腾讯天游科技有限公司,,,,,,,,,,
2023/1/17,黎明觉醒：生机,移动,上海科学技术文献出版社有限公司,上海盛齐信息技术有限公司,,,,,,,,,,
2023/1/17,蝶梦奇谭,移动,上海电子出版有限公司,上海柠汐网络科技有限公司,,,,,,,,,,
2023/1/17,魔力宝贝回忆,移动,华东师范大学电子音像出版社有限公司,上海塔人网络科技股份有限公司,,,,,,,,,,
2023/1/17,昨日硝烟,移动,浙江出版集团数字传媒有限公司,浙江十勇士网络科技有限公司,,,,,,,,,,
2023/1/17,魔力幻想,移动,上海同济大学电子音像出版社有限公司,上海添量科技有限公司,,,,,,,,,,
2023/1/17,晴空双子,移动,厦门游力信息科技有限公司,杭州黑魔法科技有限公司,,,,,,,,,,
2023/1/17,超进化物语2,移动,厦门雷霆互动网络有限公司,深圳雷霆信息技术有限公司,,,,,,,,,,
2023/1/17,惊奇剑士,游戏机-Switch,辽宁电子出版社有限责任公司,西安西品网络科技有限公司,,,,,,,,,,
2023/1/17,哪吒伏魔传,移动,黑龙江龙华数字出版股份有限公司,成都九方互动信息技术有限公司,,,,,,,,,,
2023/1/17,山河之志,移动,黑龙江科学技术出版社有限公司,珠海始创科技有限公司,,,,,,,,,,
2023/1/17,千古江湖梦,移动,河北冠林数字出版有限公司,西安应龙网络科技有限公司,,,,,,,,,,
2023/1/17,灵汐传说,移动,杭州紫府网络科技有限公司,成都挑灯文化有限公司,,,,,,,,,,
2023/1/17,梦幻美食屋,移动,杭州紫府网络科技有限公司,南京原极信息科技有限公司,,,,,,,,,,
2023/1/17,戏影灵侠,移动,杭州群游科技有限公司,深圳市小猴跳跳网络科技有限公司,,,,,,,,,,
2023/1/17,世界奇妙大冒险,移动,杭州烈焰网络技术有限公司,广州游爱网络技术有限公司,,,,,,,,,,
2023/1/17,冒险与召唤,移动,广东趣炫网络股份有限公司,广东趣炫网络股份有限公司,,,,,,,,,,
2023/1/17,武道寻仙,移动,方圆电子音像出版社有限责任公司,河北米玩网络科技有限公司,,,,,,,,,,
2023/1/17,起源：无尽之地,移动,成都超级梦网络技术股份有限公司,广州易幻网络科技有限公司,,,,,,,,,,
2023/1/17,织梦森林,移动,安徽新华电子音像出版社,深圳市掌心网络科技有限公司,,,,,,,,,,
2023/1/17,艾塔纪元,移动,重庆聚购科技发展有限公司,重庆煜颜文化传播有限责任公司,,,,,,,,,,
2023/1/17,牧野之歌,客户端,重庆华龙网集团股份有限公司,重庆易加网络科技有限公司,,,,,,,,,,
2023/1/17,时光镇,移动,四三九九网络股份有限公司,四三九九网络股份有限公司,,,,,,,,,,
2023/1/17,西游释厄传,移动,成都盈众九州网络科技有限公司,上海魔克信息科技有限公司,,,,,,,,,,
2023/1/17,赛尔号巅峰之战,移动,上海淘米网络科技有限公司,上海淘米网络科技有限公司,,,,,,,,,,
2023/1/17,和平武馆,移动,江西高校出版社有限责任公司,上海鹿撞网络科技有限公司,,,,,,,,,,
2023/1/17,故土与新世界,移动,广东海燕电子音像出版社有限公司,广州趣虎网络科技有限公司,,,,,,,,,,
2023/1/17,幽梦寻踪,移动,福建电子音像出版社有限责任公司,摩多（厦门）科技有限公司,,,,,,,,,,
2023/1/17,刀剑悠悠,移动,方圆电子音像出版社有限责任公司,海南灵游网络科技有限公司,,,,,,,,,,
2023/1/17,王国传承,移动,大唐网络有限公司,北京攸乐科技有限公司,,,,,,,,,,
2023/1/17,一大堆弓箭手,移动,成都盈众九州网络科技有限公司,广州捌佰玩网络科技有限公司,,,,,,,,,,
2023/1/17,超凡先锋,移动,广州网易计算机系统有限公司,杭州网易雷火科技有限公司,,,,,,,,,,
2023/1/17,侠道游歌,客户端,深圳中青宝互动网络股份有限公司,皖新文化科技有限公司,,,,,,,,,,
2023/1/17,扶摇一梦,移动,三七互娱（上海）科技有限公司,上海硬通网络科技有限公司,,,,,,,,,,
2023/1/17,斗神萌将,移动,宁波东海岸电子音像出版社有限公司,广州创畅网络科技有限公司,,,,,,,,,,
2023/1/17,光明重现,移动,华东师范大学电子音像出版社有限公司,上海领音文化传播有限公司,,,,,,,,,,
2023/1/17,电竞练习生,移动,湖北省扬子江影音有限责任公司,昆山悦趣信息科技有限公司,,,,,,,,,,
2023/1/17,火力城堡,移动,杭州美盛游戏技术开发有限公司,深圳市忆酷互动游戏有限责任公司,,,,,,,,,,
2023/1/17,异度旅人,移动,湖北省扬子江影音有限责任公司,武汉东方幻想网络科技有限公司,,,,,,,,,,
2023/1/17,崩坏：星穹铁道,移动、客户端,上海声像电子出版社,上海米哈游影铁科技有限公司,,,,,,,,,,
2023/1/17,诸天仙灵图,移动,上海电子出版有限公司,拾疏（上海）科技有限公司,,,,,,,,,,
2023/1/17,哞哩的长梦,移动、客户端,江苏凤凰数字传媒有限公司,海南星嘉科技有限公司,,,,,,,,,,
2023/1/17,锦绣商铺,移动,黑龙江龙华数字出版股份有限公司,广州游爱数据汇互联网有限公司,,,,,,,,,,
2023/1/17,疯狂美食大厨,移动,合肥乐堂动漫信息技术有限公司,合肥乐堂动漫信息技术有限公司,,,,,,,,,,
2023/1/17,灵梦传,移动,杭州润趣科技有限公司,杭州傲天科技有限公司,,,,,,,,,,
2023/1/17,时空边际,移动,杭州渡口网络科技有限公司,上海喵果信息技术有限公司,,,,,,,,,,
2023/1/17,万乘之国,移动,海南省电子音像出版社有限公司,海南玩梦网络科技有限公司,,,,,,,,,,
2023/1/17,仙与仙游,移动,广州盈正信息技术有限公司,厦门百盛青文化传媒有限公司,,,,,,,,,,
2023/1/17,白夜极光,移动,北京中电电子出版社,北京博润智佳科技有限公司,,,,,,,,,,
2023/1/17,四季之春,客户端,深圳中青宝互动网络股份有限公司,上海心愉计算机科技有限公司,,,,,,,,,,
2023/2/10,欢乐美食家,移动-休闲益智,广东音像出版社有限公司,深圳传趣网络技术有限公司,,,,,,,,,,
2023/2/10,小兵大作战,移动,方圆电子音像出版社有限责任公司,海南旭游科技有限公司,,,,,,,,,,
2023/2/10,九牧之野,移动,海南省电子音像出版社有限公司,海南灵游网络科技有限公司,,,,,,,,,,
2023/2/10,葫芦娃大作战,移动,黑龙江龙华数字出版股份有限公司,深圳市大梦龙途文化传播有限公司,,,,,,,,,,
2023/2/10,魔典秘闻,移动,四川数字出版传媒有限公司,深圳市凉屋游戏科技有限公司,,,,,,,,,,
2023/2/10,魔法连环消,移动-休闲益智,杭州边锋网络技术有限公司,杭州边锋网络技术有限公司,,,,,,,,,,
2023/2/10,棋兵斗阵,移动,方圆电子音像出版社有限责任公司,深圳市游帆互动科技有限公司,,,,,,,,,,
2023/2/10,盟主大作战,移动,广州谷得网络科技有限公司,北京比特漫步科技有限公司,,,,,,,,,,
2023/2/10,银河境界线,移动,宁波东海岸电子音像出版社有限公司,上海掌致信息科技有限公司,,,,,,,,,,
2023/2/10,街篮,客户端,北京目标在线科技有限公司,北京目标在线科技有限公司,,,,,,,,,,
2023/2/10,趣味动脑大冒险,移动-休闲益智,浙江文艺音像出版社有限公司,北京光耀大地科技有限公司,,,,,,,,,,
2023/2/10,梦幻西游：时空,客户端,广州网易计算机系统有限公司,杭州网易雷火科技有限公司,,,,,,,,,,
2023/2/10,封神幻想世界,移动,厦门雷霆互动网络有限公司,深圳雷霆信息技术有限公司,,,,,,,,,,
2023/2/10,英雄之冠,移动,深圳中青宝互动网络股份有限公司,深圳市苏摩科技有限公司,,,,,,,,,,
2023/2/10,荒古与魔法,移动,上海商国网络科技发展有限公司,上海云履网络科技有限公司,,,,,,,,,,
2023/2/10,奇幻部落,移动,湖北省扬子江影音有限责任公司,海南新游网络科技有限公司,,,,,,,,,,
2023/2/10,圣塔纪元,移动,成都盈众九州网络科技有限公司,成都奇迹世界科技有限公司,,,,,,,,,,
2023/2/10,模拟水族箱,移动-休闲益智,合肥乐堂动漫信息技术有限公司,合肥乐堂动漫信息技术有限公司,,,,,,,,,,
2023/2/10,召唤师盛典,移动,成都盈众九州网络科技有限公司,海南舜杰网络科技有限公司,,,,,,,,,,
2023/2/10,冲啊原始人,移动,天津电子出版社有限公司,波克斯（北京）科技有限公司,,,,,,,,,,
2023/2/10,尘星之息,移动,重庆聚购科技发展有限公司,重庆环游者网络科技有限公司,,,,,,,,,,
2023/2/10,洪荒传说,移动,安徽新华电子音像出版社,芜湖光联文化传媒有限公司,,,,,,,,,,
2023/2/10,三国小将,移动,上海双盟网络科技有限公司,上海双盟网络科技有限公司,,,,,,,,,,
2023/2/10,山海记,移动,杭州渡口网络科技有限公司,杭州有欧气网络科技有限公司,,,,,,,,,,
2023/2/10,这城有良田,移动,广东海燕电子音像出版社有限公司,益世界网络科技（广东）有限公司,,,,,,,,,,
2023/2/10,深渊之下,移动,江苏凤凰数字传媒有限公司,杭州祈点信息技术有限责任公司,,,,,,,,,,
2023/2/10,时序残响,移动,广州百田信息科技有限公司,广州天梯网络科技有限公司,,,,,,,,,,
2023/2/10,离火之境,移动,天津电子出版社有限公司,海南离火网络有限公司,,,,,,,,,,
2023/2/10,努力走出去,移动-休闲益智,杭州乐港科技有限公司,北京乐杰轮科技有限公司,,,,,,,,,,
2023/2/10,神魂契约,移动,杭州润趣科技有限公司,深圳闲时游戏有限公司,,,,,,,,,,
2023/2/10,九州英杰录,客户端,上海方寸信息科技有限公司,上海都萌网络科技有限公司,,,,,,,,,,
2023/2/10,向往的生活,移动,湖南快乐芒果互娱科技有限公司,湖南快乐芒果互娱科技有限公司,,,,,,,,,,
2023/2/10,奔月的糯米团,移动-休闲益智,杭州乐港科技有限公司,宿州手游互联信息技术有限公司,,,,,,,,,,
2023/2/10,重启：黎明之所,移动,安徽新华电子音像出版社,广州火羽信息科技有限公司,,,,,,,,,,
2023/2/10,狩游世界·起源,移动,河北冠林数字出版有限公司,深圳市狩游网络科技有限公司,,,,,,,,,,
2023/2/10,动物星球,客户端,北京光宇在线科技有限责任公司,北京光宇在线科技有限责任公司,,,,,,,,,,
2023/2/10,王者万象棋,移动,重庆天健电子音像出版有限公司,重庆市腾讯计算机系统有限公司,,,,,,,,,,
2023/2/10,指尖征战,移动,杭州美盛游戏技术开发有限公司,四川水果互动科技有限公司,,,,,,,,,,
2023/2/10,秘境消除故事,移动-休闲益智,广州盈正信息技术有限公司,合肥乐攸信息科技有限公司,,,,,,,,,,
2023/2/10,圣光战纪,移动,浙江出版集团数字传媒有限公司,绍兴方趣网络科技有限公司,,,,,,,,,,
2023/2/10,原始奇兵,移动,广州四三九九信息科技有限公司,广州四三九九信息科技有限公司,,,,,,,,,,
2023/2/10,战梦时空,移动,成都超级梦网络技术股份有限公司,上海雨玩网络科技有限公司,,,,,,,,,,
2023/2/10,捉妖小队,移动,杭州群游科技有限公司,福州易酷网络科技有限公司,,,,,,,,,,
2023/2/10,逆袭的仙王,移动,成都超级梦网络技术股份有限公司,海南元辉网络科技有限公司,,,,,,,,,,
2023/2/10,超能力套环,移动-休闲益智,华中科技大学电子音像出版社,南京原极信息科技有限公司,,,,,,,,,,
2023/2/10,弈战国,移动,北京联合出版有限责任公司,北京掌印互动科技有限公司,,,,,,,,,,
2023/2/10,动物星友会,移动,湖北省扬子江影音有限责任公司,海南云趣网络科技有限公司,,,,,,,,,,
2023/2/10,蛮荒冲突,移动,杭州群游科技有限公司,万界（上海）网络股份有限公司,,,,,,,,,,
2023/2/10,城主天下,移动,杭州润趣科技有限公司,海南臻友网络科技有限公司,,,,,,,,,,
2023/2/10,动物防线,移动,杭州烈焰网络技术有限公司,上海灵刃网络科技有限公司,,,,,,,,,,
2023/2/10,动脑风暴挑战,移动-休闲益智,吉林音像出版社有限责任公司,北京掌上易游科技有限公司,,,,,,,,,,
2023/2/10,驯龙之旅,移动,上海同济大学电子音像出版社有限公司,上海歆瑷网络科技有限公司,,,,,,,,,,
2023/2/10,龙域争霸,移动,上海科学技术文献出版社有限公司,上海常游网络科技有限公司,,,,,,,,,,
2023/2/10,卡噗拉契约,移动,杭州电魂网络科技股份有限公司,杭州电魂网络科技股份有限公司,,,,,,,,,,
2023/2/10,神奇生物学,移动,上海众源网络有限公司,上海众源网络有限公司,,,,,,,,,,
2023/2/10,墨影侠踪,客户端,江苏凤凰电子音像出版社有限公司,南京市玩趣互动科技有限公司,,,,,,,,,,
2023/2/10,狩猎吧！原始人,移动,北京目标在线科技有限公司,北京微游互动网络科技有限公司,,,,,,,,,,
2023/2/10,龙与魔法城,移动,深圳中青宝互动网络股份有限公司,广州互娱网络科技有限公司,,,,,,,,,,
2023/2/10,新天龙八部,移动,北京畅游时代数码技术有限公司,北京卓意麦斯科技有限公司,,,,,,,,,,
2023/2/10,万世镜,移动,山东科学技术出版社有限公司,深圳市畅玩网络科技有限公司,,,,,,,,,,
2023/2/10,边境传说,移动,杭州紫府网络科技有限公司,南京迈乐游信息技术有限公司,,,,,,,,,,
2023/2/10,春秋玄奇,移动,广州市动景计算机科技有限公司,广州灵犀互动娱乐有限公司,,,,,,,,,,
2023/2/10,七千兆亿的星空,移动,上海科学技术文献出版社有限公司,上海盛展网络科技有限公司,,,,,,,,,,
2023/2/10,时间之钥,移动,黑龙江科学技术出版社有限公司,成都心游良品科技有限公司,,,,,,,,,,
2023/2/10,一花织境,移动,上海同济大学电子音像出版社有限公司,上海玄星网络科技有限公司,,,,,,,,,,
2023/2/10,虚空战争,移动,上海电子出版有限公司,上海沪首网络科技有限公司,,,,,,,,,,
2023/2/10,森友突击队,移动,咪咕互动娱乐有限公司,咪咕文化科技有限公司,,,,,,,,,,
2023/2/10,小镇冒险家,移动,海南省电子音像出版社有限公司,海南高图网络科技有限公司,,,,,,,,,,
2023/2/10,天使之歌,移动,辽宁电子出版社有限责任公司,中传互动（湖北）信息技术有限公司,,,,,,,,,,
2023/2/10,中国台球,移动-休闲益智,辽宁电子出版社有限责任公司,北京智胜万合台球文化发展有限公司,,,,,,,,,,
2023/2/10,快到碗里来,游戏机-Switch,上海电子出版有限公司,上海盛齐信息技术有限公司,,,,,,,,,,
2023/2/10,龙魂：学院奇闻,客户端,江苏凤凰数字传媒有限公司,烽火连城（北京）科技有限公司,,,,,,,,,,
2023/2/10,星之觉醒,移动,华东师范大学电子音像出版社有限公司,上海敢客网络科技有限公司,,,,,,,,,,
2023/2/10,史莱姆与地下城,移动,杭州紫府网络科技有限公司,海南龙晴游戏科技有限公司,,,,,,,,,,
2023/2/10,梦蝶,移动-休闲益智,广州盈正信息技术有限公司,海南星嘉科技有限公司,,,,,,,,,,
2023/2/10,超链勇者之诗,移动,杭州美盛游戏技术开发有限公司,深圳顺源网络科技有限公司,,,,,,,,,,
2023/2/10,战道,移动,上海商国网络科技发展有限公司,上海曲蔺网络科技有限公司,,,,,,,,,,
2023/2/10,浮生忆玲珑,移动,江苏凤凰电子音像出版社有限公司,苏州沁游网络科技有限公司,,,,,,,,,,
2023/2/10,新不良人,移动,宁波东海岸电子音像出版社有限公司,海南侠义文化科技有限公司,,,,,,,,,,
2023/2/10,开心大碰撞,移动,黑龙江龙华数字出版股份有限公司,厦门御长风网络科技有限公司,,,,,,,,,,
2023/2/10,超瞬息联结,移动,华东师范大学电子音像出版社有限公司,北京有爱互娱科技有限公司,,,,,,,,,,
2023/2/10,香肠派对,客户端,上海隐志网络科技有限公司,心动网络股份有限公司,,,,,,,,,,
2023/2/10,矩阵临界：失控边缘,移动,浙江出版集团数字传媒有限公司,海南里游互娱科技有限公司,,,,,,,,,,
2023/2/10,璃芯溯源,移动,杭州烈焰网络技术有限公司,汐轩阁（天津）科技有限公司,,,,,,,,,,
2023/2/10,豆豆的村庄,移动,西安交通大学出版社有限责任公司,西安乐推网络科技有限公司,,,,,,,,,,
2023/2/10,雷电：觉醒,移动,三辰影库音像出版社有限公司,上海蜂驰网络科技有限公司,,,,,,,,,,
2023/2/10,青青农场,移动,北京青年报网际传播技术有限公司,北京优路互娱科技有限公司,,,,,,,,,,
2023/3/22,艺术发展国,移动,辽宁电子出版社有限责任公司,苏州溪客时代网络科技有限公司,,,,,,,,,,
2023/3/22,掌门江湖路,移动,杭州紫府网络科技有限公司,遇哈游（辽宁）网络科技有限公司,,,,,,,,,,
2023/3/22,远古灵域,移动,杭州群游科技有限公司,广州边在晓峰网络科技有限公司,,,,,,,,,,
2023/3/22,明日纷争,移动,华中科技大学电子音像出版社,上海聪盛网络科技有限公司,,,,,,,,,,
2023/3/22,闪耀设计师,移动,杭州美盛游戏技术开发有限公司,广州汉正信息技术有限公司,,,,,,,,,,
2023/3/22,仙宗大掌门,移动、网页,上海同济大学电子音像出版社有限公司,上海竹子互联网信息服务有限公司,,,,,,,,,,
2023/3/22,创造吧！我们的星球,移动,上海科学技术文献出版社有限公司,上海映雄体育文化有限公司,,,,,,,,,,
2023/3/22,卡拉彼丘,移动、客户端,深圳市创梦天地科技有限公司,深圳市创梦天地科技有限公司,,,,,,,,,,
2023/3/22,喷气火箭人,移动-休闲益智,吉林音像出版社有限责任公司,北京亦乐通科技发展有限公司,,,,,,,,,,
2023/3/22,传世天下,移动,上海数龙科技有限公司,上海数龙科技有限公司,,,,,,,,,,
2023/3/22,指尖之旅,移动-休闲益智,波克科技股份有限公司,上海点喵网络科技有限公司,,,,,,,,,,
2023/3/22,星星生活乐园,移动,广东海燕电子音像出版社有限公司,广州三七网络科技有限公司,,,,,,,,,,
2023/3/22,奶茶拼图,移动-休闲益智,北京北纬通信科技股份有限公司,北京北纬通信科技股份有限公司,,,,,,,,,,
2023/3/22,重返未来：1999,移动,上海科学技术文献出版社有限公司,上海深蓝互动星锑网络科技有限公司,,,,,,,,,,
2023/3/22,葫芦娃：奇遇之旅,移动,成都超级梦网络技术股份有限公司,上海昶飞网络科技有限公司,,,,,,,,,,
2023/3/22,曙光调查团,移动,深圳中青宝互动网络股份有限公司,广州互娱网络科技有限公司,,,,,,,,,,
2023/3/22,硬核机甲,游戏机-Switch,厦门雷霆互动网络有限公司,深圳雷霆信息技术有限公司,,,,,,,,,,
2023/3/22,仙遇,移动,海南省电子音像出版社有限公司,海南元游信息技术有限公司,,,,,,,,,,
2023/3/22,幻世与冒险,移动,华东师范大学电子音像出版社有限公司,上海沐瞳科技有限公司,,,,,,,,,,
2023/3/22,决斗者之魂,移动,黑龙江龙华数字出版股份有限公司,深圳市心迹网络科技有限公司,,,,,,,,,,
2023/3/22,闪耀时装店,移动-休闲益智,杭州哲信信息技术有限公司,南京红豆信息技术有限公司,,,,,,,,,,
2023/3/22,西游战棋,移动,宁波东海岸电子音像出版社有限公司,杭州星帆广告传媒有限公司,,,,,,,,,,
2023/3/22,剑神如梦令,移动,杭州群游科技有限公司,厦门可莫奇网络科技有限公司,,,,,,,,,,
2023/3/22,巴别号漫游指南,移动、客户端、游戏机-Switch,江苏凤凰数字传媒有限公司,上海阑星网络科技有限公司,,,,,,,,,,
2023/3/22,汪汪快跑,移动-休闲益智,上海方寸信息科技有限公司,上海圣汇网络科技有限公司,,,,,,,,,,
2023/3/22,通关吧英雄,移动,杭州润趣科技有限公司,海南开承网络科技有限公司,,,,,,,,,,
2023/3/22,明月传奇,移动,江西高校出版社有限责任公司,江西省国民传奇网络技术有限公司,,,,,,,,,,
2023/3/22,剑影江湖,移动,北京中清龙图网络技术有限公司,北京指上缤纷科技股份有限公司,,,,,,,,,,
2023/3/22,异界迷林,移动-休闲益智,广东太平洋电子出版社有限公司,广州千果互动传媒有限公司,,,,,,,,,,
2023/3/22,喵掌柜的料理屋,移动,宁波东海岸电子音像出版社有限公司,北京盖姆加科技有限公司,,,,,,,,,,
2023/3/22,绝对防御,移动-休闲益智,上海双盟网络科技有限公司,上海迄宣网络科技有限公司,,,,,,,,,,
2023/3/22,蜗牛竞走,移动-休闲益智,广州盈正信息技术有限公司,海南圣享网络科技有限公司,,,,,,,,,,
2023/3/22,少年包青天,移动,成都超级梦网络技术股份有限公司,海南神手信息科技有限公司,,,,,,,,,,
2023/3/22,莱茵幻想,移动,海南省电子音像出版社有限公司,海南炫焰网络科技有限公司,,,,,,,,,,
2023/3/22,枪王之神射手,移动-休闲益智,上海大承网络技术有限公司,上海大承网络技术有限公司,,,,,,,,,,
2023/3/22,重力光球,移动-休闲益智,杭州乐港科技有限公司,宿州手游互联信息技术有限公司,,,,,,,,,,
2023/3/22,拼个模型去旅行,移动,山东科学技术出版社有限公司,青岛蓝飞互娱科技股份有限公司,,,,,,,,,,
2023/3/22,果宝无双,移动,四三九九网络股份有限公司,四三九九网络股份有限公司,,,,,,,,,,
2023/3/22,逆光潜入,移动,上海电子出版有限公司,上海空塔网络科技有限公司,,,,,,,,,,
2023/3/22,恋与深空,移动,上海科学技术文献出版社有限公司,上海叠纸互娱网络科技有限公司,,,,,,,,,,
2023/3/22,全战纪,移动,方圆电子音像出版社有限责任公司,深圳指间趣科技有限公司,,,,,,,,,,
2023/3/22,进击的堡垒,移动,深圳中青宝互动网络股份有限公司,厦门勇仕网络技术股份有限公司,,,,,,,,,,
2023/3/22,侠剑狂歌,移动,辽宁电子出版社有限责任公司,杭州碎片网络科技有限公司,,,,,,,,,,
2023/3/22,武将之路,移动,湖北省扬子江影音有限责任公司,武汉正崇信息技术有限公司,,,,,,,,,,
2023/3/22,一梦九霄,移动,成都盈众九州网络科技有限公司,上海象兴网络科技有限公司,,,,,,,,,,
2023/3/22,艾尔指挥官,移动,咪咕互动娱乐有限公司,深圳市畅游天地科技有限公司,,,,,,,,,,
2023/3/22,封神殿,移动,辽宁电子出版社有限责任公司,深圳市大熊世纪网络科技有限公司,,,,,,,,,,
2023/3/22,最强潮玩团,移动,厦门大学电子出版社有限责任公司,厦门方碑科技有限公司,,,,,,,,,,
2023/3/22,古城千年梦,移动,上海商国网络科技发展有限公司,素材家（上海）网络科技有限公司,,,,,,,,,,
2023/3/22,灵能冲击,移动,杭州润趣科技有限公司,杭州万匠软件科技有限公司,,,,,,,,,,
2023/3/22,元宇城市,移动,杭州烈焰网络技术有限公司,海南伽蚂网络科技有限公司,,,,,,,,,,
2023/3/22,桃源山友会,移动,河北冠林数字出版有限公司,深圳市愿景互娱科技有限公司,,,,,,,,,,
2023/3/22,烈火战马,客户端,江苏凤凰数字传媒有限公司,苏州安琪拉网络游戏科技有限公司,,,,,,,,,,
2023/3/22,群英召唤师,移动,福州天盟数码有限公司,福州天盟数码有限公司,,,,,,,,,,
2023/3/22,重构,移动-休闲益智,上海众源网络有限公司,上海众源网络有限公司,,,,,,,,,,
2023/3/22,王国火种,移动,安徽新华电子音像出版社,安徽三七网络科技有限公司,,,,,,,,,,
2023/3/22,你不可能赢过我,移动-休闲益智,炫彩互动网络科技有限公司,北京掌信创游科技有限公司,,,,,,,,,,
2023/3/22,金牌合伙人,移动,成都盈众九州网络科技有限公司,成都光涵网络科技有限公司,,,,,,,,,,
2023/3/22,起源与勇士,移动,黑龙江龙华数字出版股份有限公司,广东星辉天拓互动娱乐有限公司,,,,,,,,,,
2023/3/22,我的梦幻城堡,移动-休闲益智,合肥乐堂动漫信息技术有限公司,合肥乐堂动漫信息技术有限公司,,,,,,,,,,
2023/3/22,旅行骑士,移动,杭州润趣科技有限公司,杭州黑狐巅峰软件技术有限责任公司,,,,,,,,,,
2023/3/22,英雄来当家,移动,华中科技大学电子音像出版社,北京开天创世科技有限公司,,,,,,,,,,
2023/3/22,烽烟云起,移动,方圆电子音像出版社有限责任公司,北京世纪骏软科技有限公司,,,,,,,,,,
2023/3/22,幻境旅者,移动,湖北省扬子江影音有限责任公司,深圳顺源网络科技有限公司,,,,,,,,,,
2023/3/22,零号任务,移动,广州网易计算机系统有限公司,杭州网易雷火科技有限公司,,,,,,,,,,
2023/3/22,墨界之门,移动,杭州美盛游戏技术开发有限公司,深圳市小猴跳跳网络科技有限公司,,,,,,,,,,
2023/3/22,不休精灵,移动,方圆电子音像出版社有限责任公司,上海跳跃网络科技有限公司,,,,,,,,,,
2023/3/22,精灵进化论,移动,杭州烈焰网络技术有限公司,深圳鲤游科技有限公司,,,,,,,,,,
2023/3/22,雷索纳斯,移动,上海晨路信息科技股份有限公司,上海泪雨网络科技有限公司,,,,,,,,,,
2023/3/22,超元气火柴人,移动,湖北省扬子江影音有限责任公司,深圳市魔力互动有限公司,,,,,,,,,,
2023/3/22,火山冒险王,移动-休闲益智,杭州渡口网络科技有限公司,金华市九成网络科技有限公司,,,,,,,,,,
2023/3/22,口袋机甲,移动,杭州美盛游戏技术开发有限公司,海南鲜芋科技有限公司,,,,,,,,,,
2023/3/22,蛮荒志异,客户端,江苏凤凰电子音像出版社有限公司,南京市玩趣互动科技有限公司,,,,,,,,,,
2023/3/22,幻宠契约,移动,深圳中青宝互动网络股份有限公司,海南欢朋网络科技有限公司,,,,,,,,,,
2023/3/22,奇趣博物馆,移动,浙江出版集团数字传媒有限公司,杭州灿龙网络科技有限公司,,,,,,,,,,
2023/3/22,欢迎来到梦乐园,移动,上海电子出版有限公司,上海星线网络科技有限公司,,,,,,,,,,
2023/3/22,少女前线2：追放,移动、客户端,华东师范大学电子音像出版社有限公司,上海暗冬网络科技有限公司,,,,,,,,,,
2023/3/22,哈啰小镇,移动,浙江出版集团数字传媒有限公司,天津橙乐物联科技有限公司,,,,,,,,,,
2023/3/22,元素浩劫,移动,华东师范大学电子音像出版社有限公司,上海瑶草科技有限公司,,,,,,,,,,
2023/3/22,大富翁11,客户端,天津电子出版社有限公司,深圳市中手游网络科技有限公司,,,,,,,,,,
2023/3/22,动物连萌,移动-休闲益智,广东音像出版社有限公司,广州汶颢信息技术有限公司,,,,,,,,,,
2023/3/22,心之归途,移动,杭州盛迈通信技术有限公司,重庆弥久科技有限责任公司,,,,,,,,,,
2023/3/22,我们决定去火星,移动,江苏凤凰数字传媒有限公司,江苏凤凰数字传媒有限公司,,,,,,,,,,
2023/3/22,暗影防线,移动,安徽新华电子音像出版社,南京龙向飞网络科技有限公司,,,,,,,,,,
2023/3/22,花满唐,移动,海南省电子音像出版社有限公司,海南喜宅人工智能有限公司,,,,,,,,,,
2023/3/22,末刀,移动、客户端,重庆华龙网集团股份有限公司,重庆市腾讯计算机系统有限公司,,,,,,,,,,
2023/4/18,梦想乐园,移动,华东师范大学电子音像出版社有限公司,上海零越网络科技有限公司,,,,,,,,,,
2023/4/18,三水潺,移动,四三九九网络股份有限公司,四三九九网络股份有限公司,,,,,,,,,,
2023/4/18,暗曜战线,移动,江西高校出版社有限责任公司,重庆奈施网络科技有限公司,,,,,,,,,,
2023/4/18,星际流浪,移动,辽宁电子出版社有限责任公司,深圳多游空间科技有限公司,,,,,,,,,,
2023/4/18,不朽家族,移动,厦门雷霆互动网络有限公司,深圳雷霆信息技术有限公司,,,,,,,,,,
2023/4/18,重构：阿塔提斯,移动,黑龙江龙华数字出版股份有限公司,上海幻电信息科技有限公司,,,,,,,,,,
2023/4/18,狼族崛起,移动,上海众源网络有限公司,上海众源网络有限公司,,,,,,,,,,
2023/4/18,林间旅途,移动-休闲益智,上海同济大学电子音像出版社有限公司,上海庆贺欣商贸有限公司,,,,,,,,,,
2023/4/18,猫咪江湖,移动-休闲益智,波克科技股份有限公司,世熠网络科技（上海）有限公司,,,,,,,,,,
2023/4/18,开拓猪之岛,移动,杭州群游科技有限公司,深圳市默游游网络科技有限公司,,,,,,,,,,
2023/4/18,雾境序列,移动,上海电子出版有限公司,上海星线网络科技有限公司,,,,,,,,,,
2023/4/18,梦想设计家,移动,方圆电子音像出版社有限责任公司,深圳市奇迅新游科技股份有限公司,,,,,,,,,,
2023/4/18,看见飘扬的斗篷了吗,移动,深圳中青宝互动网络股份有限公司,成都极客互娱科技有限公司,,,,,,,,,,
2023/4/18,龙魂魔法,移动,杭州润趣科技有限公司,杭州游聚信息技术有限公司,,,,,,,,,,
2023/4/18,魂之追梦,移动,海南省电子音像出版社有限公司,海南蒙东网络科技有限公司,,,,,,,,,,
2023/4/18,愤怒军团,游戏机-Switch,辽宁电子出版社有限责任公司,无锡市诺优诺科技有限公司,,,,,,,,,,
2023/4/18,元尊,移动,宁波东海岸电子音像出版社有限公司,上海未天文化传媒有限公司,,,,,,,,,,
2023/4/18,我比武特牛,移动,重庆华龙网集团股份有限公司,成都灵峰互娱科技有限公司,,,,,,,,,,
2023/4/18,妖神记之巅峰对决,移动,杭州群游科技有限公司,绍兴联辉网络科技有限公司,,,,,,,,,,
2023/4/18,瑞亚传说：纷争,移动,上海云蟾网络科技有限公司,上海云蟾数码科技有限公司,,,,,,,,,,
2023/4/18,山海起源,移动,海南省电子音像出版社有限公司,海南斗图信息科技有限公司,,,,,,,,,,
2023/4/18,摇光录：乱世公主,移动,华东师范大学电子音像出版社有限公司,上海喵斯拉网络科技有限公司,,,,,,,,,,
2023/4/18,古龙风云录,客户端,深圳市创梦天地科技有限公司,北京炽羽科技有限公司,,,,,,,,,,
2023/4/18,守塔不能停,移动,吉林音像出版社有限责任公司,无锡冏窝科技有限公司,,,,,,,,,,
2023/4/18,未来城市,移动-休闲益智,北京北纬通信科技股份有限公司,北京北纬通信科技股份有限公司,,,,,,,,,,
2023/4/18,寸心之争,移动,方圆电子音像出版社有限责任公司,成都冬非我冬科技有限公司,,,,,,,,,,
2023/4/18,最强打工人,移动-休闲益智,广东音像出版社有限公司,深圳传趣网络技术有限公司,,,,,,,,,,
2023/4/18,塔塔英雄,移动,成都盈众九州网络科技有限公司,广东星辉天拓互动娱乐有限公司,,,,,,,,,,
2023/4/18,影之守卫,移动,杭州润趣科技有限公司,深圳市闲闲互娱网络科技有限公司,,,,,,,,,,
2023/4/18,三生夜宴,移动,北京联合出版有限责任公司,北京洪腾科技有限公司,,,,,,,,,,
2023/4/18,购物车之战,移动,成都盈众九州网络科技有限公司,深圳宙游网络科技有限公司,,,,,,,,,,
2023/4/18,万仙逐鹿,移动、客户端,广州多益网络股份有限公司,多益网络有限公司,,,,,,,,,,
2023/4/18,来攻城吧,移动,宁波东海岸电子音像出版社有限公司,上海酷祯网络科技有限公司,,,,,,,,,,
2023/4/18,花戎,移动,上海电子出版有限公司,上海筠悦网络科技有限公司,,,,,,,,,,
2023/4/18,建造英雄,移动,湖北省扬子江影音有限责任公司,成都快指游戏科技有限公司,,,,,,,,,,
2023/4/18,龙与浮岛,移动,杭州润趣科技有限公司,深圳市焱焱互娱科技有限公司,,,,,,,,,,
2023/4/18,从前有条街,移动,成都盈众九州网络科技有限公司,上海雨玩网络科技有限公司,,,,,,,,,,
2023/4/18,石器时代：觉醒,移动、客户端,东方星空数字娱乐有限公司,浙江盛和网络科技有限公司,,,,,,,,,,
2023/4/18,龙与爱丽丝,移动,三七互娱（上海）科技有限公司,上海硬通网络科技有限公司,,,,,,,,,,
2023/4/18,无尽勇者冒险,移动,江苏凤凰数字传媒有限公司,江苏凤凰数字传媒有限公司,,,,,,,,,,
2023/4/18,梦幻的城,移动,江苏凤凰数字传媒有限公司,佛山时尚都市网络科技有限公司,,,,,,,,,,
2023/4/18,球球积木世界,移动-休闲益智,咪咕互动娱乐有限公司,南京原极信息科技有限公司,,,,,,,,,,
2023/4/18,黎明救援,移动,杭州烈焰网络技术有限公司,衡阳鲲游网络科技有限公司,,,,,,,,,,
2023/4/18,指间飞车,移动-休闲益智,上海科学技术文献出版社有限公司,上海仙豆网络信息科技有限责任公司,,,,,,,,,,
2023/4/18,碧海苍云录,移动,杭州烈焰网络技术有限公司,杭州游尘信息技术有限公司,,,,,,,,,,
2023/4/18,星球：重启,移动、客户端,江苏凤凰电子音像出版社有限公司,北京朝夕光年信息技术有限公司,,,,,,,,,,
2023/4/18,赛车驾驶训练,移动-休闲益智,广州盈正信息技术有限公司,南京奇卡信息科技有限公司,,,,,,,,,,
2023/4/18,纵横修仙界,移动,厦门大学电子出版社有限责任公司,厦门极致互动网络技术股份有限公司,,,,,,,,,,
2023/4/18,无尽弹药,移动-休闲益智,湖南电子音像出版社有限责任公司,湖南草花互动科技股份公司,,,,,,,,,,
2023/4/18,三国极志,移动,辽宁电子出版社有限责任公司,广州尚一广告有限公司,,,,,,,,,,
2023/4/18,魔力小家,移动-休闲益智,黑龙江科学技术出版社有限公司,厦门星罗网络科技有限公司,,,,,,,,,,
2023/4/18,我在大唐当掌柜,移动,杭州美盛游戏技术开发有限公司,深圳行星网络科技有限公司,,,,,,,,,,
2023/4/18,大秦异闻录：流转之章,移动,深圳中青宝互动网络股份有限公司,厦门青瓷文化传播有限公司,,,,,,,,,,
2023/4/18,英灵回响,移动,重庆华龙网集团股份有限公司,武汉宗师网络科技有限公司,,,,,,,,,,
2023/4/18,糖果灾难,移动、客户端,杭州群游科技有限公司,杭州初宇游戏科技有限公司,,,,,,,,,,
2023/4/18,菜菜大冒险,移动,湖北省扬子江影音有限责任公司,武汉多游科技有限公司,,,,,,,,,,
2023/4/18,决胜巅峰,移动,华东师范大学电子音像出版社有限公司,上海沐瞳科技有限公司,,,,,,,,,,
2023/4/18,弹一弹来了,移动-休闲益智,上海晨路信息科技股份有限公司,上海优哉游哉网络科技有限公司,,,,,,,,,,
2023/4/18,餐厅模拟经营,移动-休闲益智,杭州乐港科技有限公司,北京光耀大地科技有限公司,,,,,,,,,,
2023/4/18,风之海岸,移动,杭州紫府网络科技有限公司,海南漫星信息技术有限公司,,,,,,,,,,
2023/4/18,我在古代有座城,移动,安徽新华电子音像出版社,海南臻友网络科技有限公司,,,,,,,,,,
2023/4/18,驯龙纪元,移动,安徽新华电子音像出版社,上海心享网络科技有限公司,,,,,,,,,,
2023/4/18,纵横旅人,移动,杭州美盛游戏技术开发有限公司,杭州鲜芋科技有限公司,,,,,,,,,,
2023/4/18,葫芦娃传说,移动-休闲益智,合肥乐堂动漫信息技术有限公司,合肥乐堂动漫信息技术有限公司,,,,,,,,,,
2023/4/18,格子战争,移动-休闲益智,四川数字出版传媒有限公司,深圳欢鱼软件有限公司,,,,,,,,,,
2023/4/18,奇幻海滩,移动-休闲益智,上海方寸信息科技有限公司,上海萌空网络科技有限公司,,,,,,,,,,
2023/4/18,我自为道,移动,竞技世界（北京）网络技术有限公司,竞技世界（北京）网络技术有限公司,,,,,,,,,,
2023/4/18,欢乐斗兽场,移动,深圳中青宝互动网络股份有限公司,深圳市泼猴科技有限公司,,,,,,,,,,
2023/4/18,逃脱计划,移动-休闲益智,浙江出版集团数字传媒有限公司,深圳全民互动科技有限公司,,,,,,,,,,
2023/4/18,爆裂迷城,移动,上海电子出版有限公司,上海娱公信息科技有限公司,,,,,,,,,,
2023/4/18,指间山海,移动,宁波东海岸电子音像出版社有限公司,杭州星帆广告传媒有限公司,,,,,,,,,,
2023/4/18,梦想合伙人,移动,深圳宜搜天下科技股份有限公司,深圳宜搜天下科技股份有限公司,,,,,,,,,,
2023/4/18,云梦华裳,移动,杭州盛迈通信技术有限公司,广州炫动信息科技有限公司,,,,,,,,,,
2023/4/18,异兽在山海,移动,上海声像电子出版社,上海凡影网络科技有限公司,,,,,,,,,,
2023/4/18,噗噗的冒险乐园,移动、客户端、游戏机-Switch,江苏凤凰数字传媒有限公司,北京西梅树科技有限公司,,,,,,,,,,
2023/4/18,坠月纪元,移动,杭州美盛游戏技术开发有限公司,上海喵果信息技术有限公司,,,,,,,,,,
2023/4/18,伊利亚,移动,杭州烈焰网络技术有限公司,海南川流网络科技有限公司,,,,,,,,,,
2023/4/18,天才艺术家,移动-休闲益智,杭州哲信信息技术有限公司,家乡互动（厦门）网络科技有限公司,,,,,,,,,,
2023/4/18,星神纪元,移动,成都超级梦网络技术股份有限公司,上海欢缘网络科技有限公司,,,,,,,,,,
2023/4/18,成语拼字接龙,移动-休闲益智,华中科技大学电子音像出版社,武汉市多比特信息科技有限公司,,,,,,,,,,
2023/4/18,最强祖师,移动、客户端,重庆华龙网集团股份有限公司,广州美安信息科技有限公司,,,,,,,,,,
2023/4/18,欢乐中国菜,移动-休闲益智,北京百度多酷科技有限公司,北京百度多酷科技有限公司,,,,,,,,,,
2023/4/18,万灵宝录,移动,成都超级梦网络技术股份有限公司,厦门泡鲸网络科技有限公司,,,,,,,,,,
2023/4/18,深渊突击,移动-休闲益智,广东太平洋电子出版社有限公司,海南奇异果互娱网络科技有限公司,,,,,,,,,,
2023/4/18,闹闹天宫2,移动,海南省电子音像出版社有限公司,多边形（海南）网络科技有限公司,,,,,,,,,,
2023/4/18,森之国度,移动,广州市动景计算机科技有限公司,广州灵犀互动娱乐有限公司,,,,,,,,,,
2023/5/19,勇士与冒险,移动,上海声像电子出版社,上海天抒网络科技有限公司,,,,,,,,,,
2023/5/19,烹饪乐园,移动,湖北省扬子江影音有限责任公司,深圳市奇迅新游科技股份有限公司,,,,,,,,,,
2023/5/19,一起奔赴的星光,移动,上海久游网络科技有限公司,上海久游网络科技有限公司,,,,,,,,,,
2023/5/19,七日世界,移动、客户端,广州网易计算机系统有限公司,杭州网易雷火科技有限公司,,,,,,,,,,
2023/5/19,喵千万与奇妙屋,移动,宁波东海岸电子音像出版社有限公司,豪腾天佑（北京）科技有限公司,,,,,,,,,,
2023/5/19,全境战争,移动,上海科学技术文献出版社有限公司,上海三色米网络科技有限公司,,,,,,,,,,
2023/5/19,牌兵布阵,移动,广东音像出版社有限公司,广州问天信息科技有限公司,,,,,,,,,,
2023/5/19,荣耀勋章,移动,武汉手盟网络科技股份有限公司,武汉手盟网络科技股份有限公司,,,,,,,,,,
2023/5/19,战斗法则,移动,四川数字出版传媒有限公司,深圳金翅鸟信息科技有限公司,,,,,,,,,,
2023/5/19,星河彼岸花,移动,杭州紫府网络科技有限公司,北京树熊科技有限公司,,,,,,,,,,
2023/5/19,山海剑途,移动,三辰影库音像出版社有限公司,成都锦宏图网络科技有限公司,,,,,,,,,,
2023/5/19,三国大冒险,移动,杭州盛迈通信技术有限公司,郑州万豪网络技术有限公司,,,,,,,,,,
2023/5/19,众神派对,移动,上海科学技术文献出版社有限公司,上海莉莉丝网络科技有限公司,,,,,,,,,,
2023/5/19,幻谕,移动,杭州盛迈通信技术有限公司,上海喵果信息技术有限公司,,,,,,,,,,
2023/5/19,百变大侦探,移动,北京联合出版有限责任公司,北京久幺幺科技有限公司,,,,,,,,,,
2023/5/19,忆荷塘农场,移动,杭州群游科技有限公司,成都薪世界网络科技有限公司,,,,,,,,,,
2023/5/19,图兰卡的挽歌,移动,上海电子出版有限公司,上海指战网络科技有限公司,,,,,,,,,,
2023/5/19,幻境琉璃,移动,武汉手盟网络科技股份有限公司,武汉当玩科技有限公司,,,,,,,,,,
2023/5/19,依露希尔：星晓,移动,成都盈众九州网络科技有限公司,上海继游信息科技有限公司,,,,,,,,,,
2023/5/19,西普大陆,移动,四三九九网络股份有限公司,四三九九网络股份有限公司,,,,,,,,,,
2023/5/19,勇者与装备,移动,厦门吉比特网络技术股份有限公司,厦门雷霆互动网络有限公司,,,,,,,,,,
2023/5/19,归龙潮,移动、客户端,上海文艺音像电子出版社有限公司,上海好玩橙信息科技有限公司,,,,,,,,,,
2023/5/19,永恒觉醒,移动,上海恺英网络科技有限公司,积木堂（上海）信息技术有限公司,,,,,,,,,,
2023/5/19,因狄斯的谎言,移动,海南省电子音像出版社有限公司,海南游卡网络技术有限公司,,,,,,,,,,
2023/5/19,西游：笔绘西行,移动,北京冠游时空数码技术有限公司,北京冠游时空数码技术有限公司,,,,,,,,,,
2023/5/19,交错残响,移动,成都超级梦网络技术股份有限公司,四川极爱乐网络信息科技有限公司,,,,,,,,,,
2023/5/19,弈仙牌,移动、客户端,深圳中青宝互动网络股份有限公司,上海心愉计算机科技有限公司,,,,,,,,,,
2023/5/19,三国：谋定天下,移动,杭州浮云网络科技有限公司,浙江华娱网络科技有限公司,,,,,,,,,,
2023/5/19,装甲先锋,移动,杭州群游科技有限公司,杭州求诺科技有限公司,,,,,,,,,,
2023/5/19,幻世天神殿,移动,浙江出版集团数字传媒有限公司,杭州亭瞳网络科技有限公司,,,,,,,,,,
2023/5/19,超星觉醒,移动,广州盈正信息技术有限公司,深圳市大梦龙途文化传播有限公司,,,,,,,,,,
2023/5/19,笑梦江山,移动,上海方寸信息科技有限公司,上海漫轩网络科技有限公司,,,,,,,,,,
2023/5/19,拯救细胞,移动,天津电子出版社有限公司,武汉升鹏科技有限公司,,,,,,,,,,
2023/5/19,王牌战士2,移动,深圳市腾讯计算机系统有限公司,深圳市腾讯计算机系统有限公司,,,,,,,,,,
2023/5/19,花语卷,移动,湖北省扬子江影音有限责任公司,海南菩提互动网络科技有限公司,,,,,,,,,,
2023/5/19,夜市美食人生,移动,方圆电子音像出版社有限责任公司,上海锋恋技术服务有限公司,,,,,,,,,,
2023/5/19,光隙解语,移动,上海电子出版有限公司,上海呵呵呵文化传播有限公司,,,,,,,,,,
2023/5/19,珍珠海大冒险,移动,江苏凤凰电子音像出版社有限公司,苏州五十一区网络科技有限公司,,,,,,,,,,
2023/5/19,异界深渊：大灵王,移动,重庆聚购科技发展有限公司,上海圆戏网络科技有限公司,,,,,,,,,,
2023/5/19,我的神功,移动,黑龙江龙华数字出版股份有限公司,厦门泡鲸网络科技有限公司,,,,,,,,,,
2023/5/19,天启龙城,移动,成都盈众九州网络科技有限公司,广州炫动信息科技有限公司,,,,,,,,,,
2023/5/19,心渊梦境,移动、客户端、游戏机-Switch,方圆电子音像出版社有限责任公司,北京网元圣唐娱乐科技有限公司,,,,,,,,,,
2023/5/19,幻唐志：逍遥外传,移动,广州多益网络股份有限公司,多益网络有限公司,,,,,,,,,,
2023/5/19,家园、异星与猎人,移动,杭州润趣科技有限公司,杭州游卡网络技术有限公司,,,,,,,,,,
2023/5/19,浮生梦山海,移动,海南省电子音像出版社有限公司,海南手心互娱科技有限公司,,,,,,,,,,
2023/5/19,爱丽丝的妙趣仙境,移动,山东科学技术出版社有限公司,赤子城网络技术（北京）有限公司,,,,,,,,,,
2023/5/19,失落之门：序章,移动、客户端,三七互娱（上海）科技有限公司,上海硬通网络科技有限公司,,,,,,,,,,
2023/5/19,一念永恒：少年追梦,移动,杭州美盛游戏技术开发有限公司,海南霹雳互动网络科技有限公司,,,,,,,,,,
2023/5/19,狼人再起,移动,杭州润趣科技有限公司,浙江团团网络科技有限公司,,,,,,,,,,
2023/5/19,赤壁之战2,移动,江苏凤凰电子音像出版社有限公司,江苏凤凰数字传媒有限公司,,,,,,,,,,
2023/5/19,列支森林,移动,上海科学技术文献出版社有限公司,上海争嗨网络技术有限公司,,,,,,,,,,
2023/5/19,动物城：联合对抗,移动,杭州润趣科技有限公司,福州卡游网络科技有限公司,,,,,,,,,,
2023/5/19,环外,移动,成都盈众九州网络科技有限公司,四川时间肥猫信息科技有限公司,,,,,,,,,,
2023/5/19,安布罗斯与地下城,移动,江苏凤凰数字传媒有限公司,苏州仙峰网络科技股份有限公司,,,,,,,,,,
2023/5/19,激战王城,移动,成都超级梦网络技术股份有限公司,上海奇速网络科技有限公司,,,,,,,,,,
2023/5/19,超能热斗,移动,广州谷得网络科技有限公司,广州谷得网络科技有限公司,,,,,,,,,,
2023/5/19,曦恩之城,移动,杭州美盛游戏技术开发有限公司,海南文当网络科技有限公司,,,,,,,,,,
2023/5/19,麦吉大改造,移动,江苏凤凰数字传媒有限公司,麦吉太文（北京）科技有限公司,,,,,,,,,,
2023/5/19,方块人的简单生活,移动,深圳中青宝互动网络股份有限公司,深圳市比格互动科技有限公司,,,,,,,,,,
2023/5/19,逆境重组,移动,湖北省扬子江影音有限责任公司,北京冰狮科技有限公司,,,,,,,,,,
2023/5/19,合并动物城,移动,辽宁电子出版社有限责任公司,深圳市灵游互娱股份有限公司,,,,,,,,,,
2023/5/19,深渊契约,移动,杭州群游科技有限公司,衡阳鲲游网络科技有限公司,,,,,,,,,,
2023/5/19,宅人传说,移动,华东师范大学电子音像出版社有限公司,上海领音文化传播有限公司,,,,,,,,,,
2023/5/19,无尽蛮荒,移动,辽宁电子出版社有限责任公司,海南陆之游网络科技有限公司,,,,,,,,,,
2023/5/19,大领主传说,移动,杭州电魂网络科技股份有限公司,杭州电魂网络科技股份有限公司,,,,,,,,,,
2023/5/19,晶核：魔导觉醒,客户端,杭州盛迈通信技术有限公司,深圳市林子互娱科技有限公司,,,,,,,,,,
2023/5/19,足球人生,移动,成都超级梦网络技术股份有限公司,深圳市神话互娱科技有限公司,,,,,,,,,,
2023/5/19,全民街篮,客户端,上海声像电子出版社,上海凡影网络科技有限公司,,,,,,,,,,
2023/5/19,饮料小镇,移动,宁波东海岸电子音像出版社有限公司,上海霓诺网络科技有限公司,,,,,,,,,,
2023/5/19,美食飞行记,移动,广东音像出版社有限公司,海南青木瓜互娱文化有限公司,,,,,,,,,,
2023/5/19,龙神万相：神战,移动,华东师范大学电子音像出版社有限公司,上海樊逸网络科技有限公司,,,,,,,,,,
2023/5/19,守望火种,移动,安徽新华电子音像出版社,广州仟墨网络科技有限公司,,,,,,,,,,
2023/5/19,我想溜出去,移动-休闲益智,咪咕互动娱乐有限公司,南京原极信息科技有限公司,,,,,,,,,,
2023/5/19,境界勇士,移动-休闲益智,广东太平洋电子出版社有限公司,海南多游网络科技有限公司,,,,,,,,,,
2023/5/19,恐龙泡泡射击,移动-休闲益智,重庆华龙网集团股份有限公司,北京悠游堂科技有限公司,,,,,,,,,,
2023/5/19,不可思议的推推游戏,移动-休闲益智,波克科技股份有限公司,世熠网络科技（上海）有限公司,,,,,,,,,,
2023/5/19,精灵出击,移动-休闲益智,上海晨路信息科技股份有限公司,上海畅所欲言网络科技有限公司,,,,,,,,,,
2023/5/19,流浪佣兵,移动-休闲益智,江西高校出版社有限责任公司,广州卓动信息科技有限公司,,,,,,,,,,
2023/5/19,安安的回忆,移动-休闲益智,杭州哲信信息技术有限公司,家乡互动（厦门）网络科技有限公司,,,,,,,,,,
2023/5/19,炫霄飞车,移动-休闲益智,上海同济大学电子音像出版社有限公司,上海时纳网络科技有限公司,,,,,,,,,,
2023/5/19,疯狂蹦跳,移动-休闲益智,黑龙江科学技术出版社有限公司,北京掌上易游科技有限公司,,,,,,,,,,
2023/5/19,钓鱼大亨,移动-休闲益智,合肥乐堂动漫信息技术有限公司,合肥乐堂动漫信息技术有限公司,,,,,,,,,,
2023/5/19,玩吧自走棋,移动-休闲益智,吉林音像出版社有限责任公司,北京默契破冰科技有限公司,,,,,,,,,,
2023/5/19,画画大作战,移动-休闲益智,杭州乐港科技有限公司,北京摩丰科技有限公司,,,,,,,,,,
2023/5/19,出口成诗,移动-休闲益智,杭州烈焰网络技术有限公司,盐城七子科技有限公司,,,,,,,,,,
2023/5/19,疾速酷飞赛车,移动-休闲益智,华中科技大学电子音像出版社,北京光耀大地科技有限公司,,,,,,,,,,
2023/6/20,荣耀出征,移动,方圆电子音像出版社有限责任公司,河北传娱网络科技有限公司,,,,,,,,,,
2023/6/20,仙剑世界,移动、客户端,上海声像电子出版社,上海凡影网络科技有限公司,,,,,,,,,,
2023/6/20,沼泽激战2,移动,海南省电子音像出版社有限公司,海南金科网络科技有限公司,,,,,,,,,,
2023/6/20,绯色回响,移动,上海游族信息技术有限公司,上海游族信息技术有限公司,,,,,,,,,,
2023/6/20,魔法异闻录,移动,重庆华龙网集团股份有限公司,海南花鳗网络科技有限公司,,,,,,,,,,
2023/6/20,山海试炼,移动,江苏凤凰电子音像出版社有限公司,杭州置游网络科技有限公司,,,,,,,,,,
2023/6/20,超级巴基球,客户端,深圳中青宝互动网络股份有限公司,重庆帕斯亚科技有限公司,,,,,,,,,,
2023/6/20,铸剑宗师,移动,湖北省扬子江影音有限责任公司,武汉虚咖科技有限公司,,,,,,,,,,
2023/6/20,植物供应商,移动,成都超级梦网络技术股份有限公司,广州市精灵网络科技有限公司,,,,,,,,,,
2023/6/20,原野传说：史前万年,移动,黑龙江龙华数字出版股份有限公司,成都星合互娱科技有限公司,,,,,,,,,,
2023/6/20,快来接成语,移动-休闲益智,杭州紫府网络科技有限公司,盐城万安台科技有限公司,,,,,,,,,,
2023/6/20,元晶计划,移动,重庆聚购科技发展有限公司,成都劲松网络科技有限公司,,,,,,,,,,
2023/6/20,迷你脑洞计划,移动-休闲益智,炫彩互动网络科技有限公司,南京原极信息科技有限公司,,,,,,,,,,
2023/6/20,亿万光年,移动,四川广益聚慧科技有限公司,海南小小矩阵网络科技有限公司,,,,,,,,,,
2023/6/20,多彩连萌,移动-休闲益智,吉林音像出版社有限责任公司,南京游鸣信息科技有限公司,,,,,,,,,,
2023/6/20,猫婆婆的幸福公寓,移动,海南省电子音像出版社有限公司,海南传奇智力体育科技有限公司,,,,,,,,,,
2023/6/20,绿茵巅峰之路,移动,杭州润趣科技有限公司,海南龙息网络技术有限公司,,,,,,,,,,
2023/6/20,一起来扫雷,移动-休闲益智,广东太平洋电子出版社,广州霏凡互动科技有限公司,,,,,,,,,,
2023/6/20,星之破晓,移动,海南省电子音像出版社有限公司,广州迅影网络科技有限公司,,,,,,,,,,
2023/6/20,侠战江湖,移动,河北冠林数字出版有限公司,珠海市创进软件科技有限公司,,,,,,,,,,
2023/6/20,浪漫球球,移动-休闲益智,华中科技大学电子音像出版社,北京光耀大地科技有限公司,,,,,,,,,,
2023/6/20,小小远征队,移动,黑龙江龙华数字出版股份有限公司,北京乐逍游网络科技有限公司,,,,,,,,,,
2023/6/20,指尖乌诺牌,移动-休闲益智,上海乐蜀网络科技股份有限公司,上海乐蜀网络科技股份有限公司,,,,,,,,,,
2023/6/20,斗破苍穹：异火降世,移动,成都超级梦网络技术股份有限公司,北海星河网络科技有限公司,,,,,,,,,,
2023/6/20,元气骑士前传,移动,深圳中青宝互动网络股份有限公司,深圳市凉屋游戏科技有限公司,,,,,,,,,,
2023/6/20,宝石大乱斗,移动,成都金山数字娱乐科技有限公司,成都金山世游卓立科技有限公司,,,,,,,,,,
2023/6/20,远光84,移动,上海科学技术文献出版社有限公司,上海莉莉丝网络科技有限公司,,,,,,,,,,
2023/6/20,动物玩玩乐,移动-休闲益智,广州盈正信息技术有限公司,北京多多游科技有限公司,,,,,,,,,,
2023/6/20,无尽战塔,移动,杭州润趣科技有限公司,杭州非奇科技股份有限公司,,,,,,,,,,
2023/6/20,魔法石传说,移动,湖北省扬子江影音有限责任公司,广州金科文化科技有限公司,,,,,,,,,,
2023/6/20,星空下的跳跃,移动-休闲益智,杭州浮云网络科技有限公司,杭州游猫网络科技有限公司,,,,,,,,,,
2023/6/20,召唤骑士团,移动,深圳中青宝互动网络股份有限公司,成都市龙游天下科技有限公司,,,,,,,,,,
2023/6/20,妖怪正传2,移动,杭州美盛游戏技术开发有限公司,上海悦腾网络科技有限公司,,,,,,,,,,
2023/6/20,咔叽的理想国,移动,湖北省扬子江影音有限责任公司,深圳奇魔网络科技有限公司,,,,,,,,,,
2023/6/20,永恒的宇宙之光,移动,华东师范大学电子音像出版社有限公司,上海锋寰网络科技有限公司,,,,,,,,,,
2023/6/20,假日梦想家,移动-休闲益智,上海双盟网络科技有限公司,上海乐响网络科技发展有限公司,,,,,,,,,,
2023/6/20,当神奇光芒落下,移动,江苏凤凰数字传媒有限公司,苏州争渡科技有限公司,,,,,,,,,,
2023/6/20,猫话列国,移动,杭州烈焰网络技术有限公司,上海赤恩网络科技有限公司,,,,,,,,,,
2023/6/20,浮空秘境,移动,成都盈众九州网络科技有限公司,厦门魔兔网络科技有限公司,,,,,,,,,,
2023/6/20,舞力全开：派对,移动,华东师范大学电子音像出版社有限公司,上海碧汉网络科技有限公司,,,,,,,,,,
2023/6/20,东离剑游纪,移动,上海科学技术文献出版社有限公司,上海映雄体育文化有限公司,,,,,,,,,,
2023/6/20,潮灵王国：起源,移动,成都盈众九州网络科技有限公司,武汉盛天游戏网络科技有限公司,,,,,,,,,,
2023/6/20,岛与工厂,客户端,深圳中青宝互动网络股份有限公司,上海心愉计算机科技有限公司,,,,,,,,,,
2023/6/20,泡之星派对,移动、客户端,江苏凤凰电子音像出版社有限公司,南京凤侠网络科技有限公司,,,,,,,,,,
2023/6/20,长河归来,移动,杭州群游科技有限公司,厦门快快网络科技有限公司,,,,,,,,,,
2023/6/20,鸡城奇兵,移动,江苏凤凰数字传媒有限公司,广州宾果网络科技有限公司,,,,,,,,,,
2023/6/20,魂族崛起,移动,杭州润趣科技有限公司,杭州魂族网络科技有限公司,,,,,,,,,,
2023/6/20,压一压,移动-休闲益智,宁波东海岸电子音像出版社有限公司,武汉市多比特信息科技有限公司,,,,,,,,,,
2023/6/20,我的游乐园：橡皮泥挑战赛,移动,上海科学技术文献出版社有限公司,上海荃尼网络科技有限公司,,,,,,,,,,
2023/6/20,无极仙道,移动,辽宁电子出版社有限责任公司,深圳智品天成科技有限公司,,,,,,,,,,
2023/6/20,流浪地球,移动,华东师范大学电子音像出版社有限公司,上海暗冬网络科技有限公司,,,,,,,,,,
2023/6/20,宝贝乐消消,移动-休闲益智,北京目标在线科技有限公司,乐元素科技（北京）股份有限公司,,,,,,,,,,
2023/6/20,山海进化录,移动-休闲益智,杭州哲信信息技术有限公司,梓文（北京）科技有限公司,,,,,,,,,,
2023/6/20,熊猫咖啡屋,移动,杭州烈焰网络技术有限公司,咪咕文化科技有限公司,,,,,,,,,,
2023/6/20,卢娜的魔法屋,移动,方圆电子音像出版社有限责任公司,北京任之信息技术有限公司,,,,,,,,,,
2023/6/20,盲盒派对,移动-休闲益智,杭州盛迈通信技术有限公司,杭州傲娇网络科技有限公司,,,,,,,,,,
2023/6/20,几何王国,移动-休闲益智,黑龙江科学技术出版社有限公司,南京盛景网势技术服务有限公司,,,,,,,,,,
2023/6/20,召唤与重生,移动,杭州润趣科技有限公司,成都市福乐游网络科技有限公司,,,,,,,,,,
2023/6/20,王牌射击,移动-休闲益智,浙江出版集团数字传媒有限公司,深圳全民互动科技有限公司,,,,,,,,,,
2023/6/20,海底争锋,移动-休闲益智,上海方寸信息科技有限公司,上海怡净网络科技有限公司,,,,,,,,,,
2023/6/20,无人机模拟飞行,移动-休闲益智,杭州乐港科技有限公司,北京摩丰科技有限公司,,,,,,,,,,
2023/6/20,蓬莱镇,移动、客户端,江苏凤凰数字传媒有限公司,成都星奕网络科技有限公司,,,,,,,,,,
2023/6/20,兵团出击,移动-休闲益智,广东音像出版社有限公司,深圳传趣网络技术有限公司,,,,,,,,,,
2023/6/20,王牌突击队,移动-休闲益智,杭州渡口网络科技有限公司,北京字节旋律科技有限公司,,,,,,,,,,
2023/6/20,胡同小店,移动-休闲益智,北京北纬通信科技股份有限公司,上海趣滋滋网络科技有限公司,,,,,,,,,,
2023/6/20,星厨烹饪记,移动,方圆电子音像出版社有限责任公司,成都怪趣科技有限公司,,,,,,,,,,
2023/6/20,新汉苗,移动-休闲益智,广州多益网络股份有限公司,多益网络有限公司,,,,,,,,,,
2023/6/20,男生女生向前冲,移动,安徽新华电子音像出版社,上海美阳网络有限公司,,,,,,,,,,
2023/6/20,燕云十六声,移动、客户端,广州网易计算机系统有限公司,杭州网易雷火科技有限公司,,,,,,,,,,
2023/6/20,镇魂街：破晓,移动,辽宁电子出版社有限责任公司,深圳金翅鸟信息科技有限公司,,,,,,,,,,
2023/6/20,我就是要种田,移动,成都超级梦网络技术股份有限公司,厦门泡游网络科技有限公司,,,,,,,,,,
2023/6/20,一念仙凡,移动,海南省电子音像出版社有限公司,海南君海网络科技有限公司,,,,,,,,,,
2023/6/20,百战霸主,移动-休闲益智,天津电子出版社有限公司,天津六六游科技有限公司,,,,,,,,,,
2023/6/20,迷你世界创造板,移动-休闲益智,江西高校出版社有限责任公司,深圳市迷你玩科技有限公司,,,,,,,,,,
2023/6/20,力力普的工坊,移动、客户端,江苏凤凰电子音像出版社有限公司,江苏凤凰数字传媒有限公司,,,,,,,,,,
2023/6/20,妙消连连,移动-休闲益智,咪咕互动娱乐有限公司,深圳市派乐地科技有限公司,,,,,,,,,,
2023/6/20,二极管的一生,移动-休闲益智,上海电子出版有限公司,上海领音文化传播有限公司,,,,,,,,,,
2023/6/20,空之勇者,移动、客户端,上海声像电子出版社,上海创想乐游网络科技有限公司,,,,,,,,,,
2023/6/20,天空之森,移动,辽宁电子出版社有限责任公司,广州百游信息科技有限公司,,,,,,,,,,
2023/6/20,神州千食舫,移动,厦门雷霆互动网络有限公司,深圳雷霆信息技术有限公司,,,,,,,,,,
2023/6/20,梦幻宠物大陆,移动,湖北省扬子江影音有限责任公司,深圳市魔术科技有限公司,,,,,,,,,,
2023/6/20,逃出梦梦岛,移动,上海科学技术文献出版社有限公司,上海娱公竞宇网络有限公司,,,,,,,,,,
2023/6/20,雀仔营地,移动,四川数字出版传媒有限公司,深圳市凉屋游戏科技有限公司,,,,,,,,,,
2023/6/20,我是航天员,移动,波克科技股份有限公司,波克科技股份有限公司,,,,,,,,,,
2023/6/20,烈火足球,移动-休闲益智,上海同济大学电子音像出版社有限公司,上海团竞网络科技有限公司,,,,,,,,,,
2023/6/20,荒野奇兵,移动,成都盈众九州网络科技有限公司,上海灵访科技有限公司,,,,,,,,,,
2023/6/20,龙骑士学园,移动,成都盈众九州网络科技有限公司,上海手游天下数字科技有限公司,,,,,,,,,,
2023/6/20,麦吉庄园,移动,江苏凤凰数字传媒有限公司,麦吉太文（北京）科技有限公司,,,,,,,,,,
2023/6/20,集换风暴,移动,辽宁电子出版社有限责任公司,大连金逸互娱网络科技有限公司,,,,,,,,,,
